"Name","Nationality","National_Position","National_Kit","Club","Club_Position","Club_Kit","Club_Joining","Contract_Expiry","RANK","Height","Weight","Preffered_Foot","Birth_Date","Age","Preffered_Position","Work_Rate","Weak_foot","Skill_Moves","Ball_Control","Dribbling","Marking","Sliding_Tackle","Standing_Tackle","Aggression","Reactions","Attacking_Position","Interceptions","Vision","Crossing","Short_Pass","Long_Pass","Acceleration","Speed","Stamina","Strength","Balance","Agility","Jumping","Heading","Shot_Power","Finishing","Long_Shots","Curve","Freekick_Accuracy","Penalties","Volleys","GK_Positioning","GK_Diving","GK_Kicking","GK_Handling","GK_Reflexes"
"Cristiano Ronaldo","Portugal","LS",7,"Real Madrid","LW",7,"07/01/2009",2018,1,185,80,1,"02/05/1985",31,"LW/LM/ST",2,4,5,91,93,22,23,31,62,92,93,29,81,82,81,72,91,93,90,79,62,90,94,86,94,95,93,88,77,85,87,14,7,15,11,11
"Luis Suárez","Uruguay","RS",9,"FC Barcelona","ST",9,"07/11/2014",2019,2,182,85,1,"01/24/1987",29,"ST",3,4,4,91,88,30,38,45,78,91,91,41,84,77,82,64,88,78,88,76,60,86,69,77,88,90,85,86,84,85,87,33,27,31,25,37
"Zlatan Ibrahimovic","Sweden",,,"PSG","ST",10,"07/01/2012",2016,3,195,95,1,"10/03/1981",34,"ST",8,4,4,90,87,15,27,41,84,85,86,20,83,76,84,76,72,74,75,93,41,86,72,76,93,90,88,80,80,91,92,9,13,10,15,12
"Robert Lewandowski","Poland","LS",9,"FC Bayern","ST",9,"07/01/2014",2019,4,185,79,1,"08/21/1988",28,"ST",9,4,3,87,85,25,19,42,80,88,88,39,78,62,82,65,79,81,79,82,78,78,83,83,85,89,82,77,68,77,84,8,15,12,6,10
"Sergio Agüero","Argentina","Sub",17,"Manchester City","ST",10,"07/28/2011",2020,5,172,74,1,"06/02/1988",28,"ST",3,4,4,89,89,13,12,20,57,88,91,24,83,70,79,63,92,86,74,73,90,86,80,68,87,90,84,82,72,83,85,11,13,6,15,14
"Thomas Müller","Germany","RM",13,"FC Bayern","RCM",25,"08/10/2008",2021,6,186,75,1,"09/13/1989",27,"CF/RW/CAM/ST",1,4,3,81,78,32,44,41,57,91,94,58,85,79,83,77,76,78,90,68,73,77,81,82,74,89,80,81,59,82,83,14,6,11,7,14
"Gonzalo Higuaín","Argentina","ST",9,"Napoli","ST",9,"07/27/2013",2018,7,184,82,1,"12/10/1987",28,"ST",3,4,3,86,83,12,18,22,50,86,90,20,70,68,72,58,79,83,72,84,60,74,73,78,85,90,80,69,62,70,83,5,5,7,12,10
"Karim Benzema","France",,,"Real Madrid","ST",9,"07/01/2009",2019,8,187,79,1,"12/19/1987",28,"ST",8,4,4,86,82,13,12,15,65,83,87,22,83,75,86,47,82,84,75,78,60,75,70,78,83,88,78,79,73,82,77,5,13,5,11,7
"Diego Costa","Spain",,,"Chelsea","ST",19,"07/15/2014",2019,9,188,85,1,"10/07/1988",27,"ST",3,4,3,82,82,28,34,39,90,85,88,40,74,63,65,48,75,78,85,91,52,63,60,82,83,88,69,58,59,76,81,8,11,12,13,11
"Edinson Cavani","Uruguay","LS",11,"PSG","LW",9,"07/16/2013",2018,10,184,71,1,"02/14/1987",29,"ST/LW",3,3,3,83,81,24,27,45,82,85,87,48,77,70,77,50,74,78,90,74,59,82,88,89,85,85,78,75,77,82,82,13,12,13,5,10
"Carlos Tévez","Argentina",,,"Boca Juniors","ST",10,"07/13/2015",2018,11,173,71,1,"02/05/1984",32,"ST",1,3,3,88,86,39,51,51,86,91,90,34,80,73,80,61,90,87,91,79,91,83,77,58,88,88,87,84,82,82,87,2,4,3,2,4
"Wayne Rooney","England","LCM",10,"Manchester Utd","LCM",10,"08/31/2004",2019,12,176,83,1,"10/24/1985",30,"ST/CAM",7,4,3,83,79,29,37,54,89,87,87,54,83,78,80,85,72,74,87,84,77,77,81,80,87,85,85,84,84,81,86,8,10,13,11,7
"Antoine Griezmann","France","RW",7,"France","RS",7,"07/29/2014",2020,13,176,67,0,"03/21/1991",25,"ST/LW/RW",3,3,4,84,86,23,11,22,69,83,88,35,74,82,77,75,86,86,76,62,70,89,83,78,79,87,78,84,74,71,83,13,14,14,8,14
"Hulk","Brazil","06/30/2016",2019,"Brazil","Sub",21,"Res",99,14,180,85,0,"07/25/1986",30,"RM/RW/ST",3,3,4,84,84,33,28,41,84,83,83,55,80,80,83,78,84,85,84,90,59,72,72,68,94,85,90,80,84,78,73,11,6,7,10,12
"Pierre-Emerick Aubameyang","Gabon",,,,"ST",17,"07/04/2013",2020,15,187,80,1,"06/18/1989",27,"ST/RM",2,4,3,81,81,28,36,25,45,84,86,48,77,81,74,64,95,96,79,77,66,80,76,77,78,88,77,78,74,84,84,9,6,15,9,9
"Alexandre Lacazette","France",,,,"ST",10,"07/01/2009",2019,16,175,73,1,"05/28/1991",25,"ST/RW",1,3,4,83,85,23,30,29,70,84,86,40,77,70,80,68,87,87,80,75,84,88,78,76,81,86,74,74,73,82,82,5,11,9,6,6
"Sebastian Giovinco","Italy",,,"Toronto FC","Sub",10,"02/03/2015",2019,17,164,59,1,"01/26/1987",29,"CF/ST",3,4,4,87,86,23,28,23,73,81,83,26,85,72,78,70,90,88,75,48,93,93,53,37,78,81,80,86,86,75,70,3,6,6,3,3
"Jonas","Brazil","09/12/2014",2018,"Brazil","ST",9,"RS",17,18,181,75,1,"04/01/1984",32,"ST",3,5,3,88,84,16,28,29,61,85,87,32,83,74,79,71,76,77,75,62,67,82,69,81,82,87,84,85,77,83,85,8,12,7,11,5
"Daniel Sturridge","England","Sub",16,"Liverpool","ST",15,"01/02/2013",2019,19,188,76,0,"09/01/1989",27,"ST/RW",8,2,3,81,84,15,12,24,60,82,84,22,74,62,75,62,88,89,72,73,64,78,74,73,83,85,83,62,68,75,76,5,7,9,15,13
"Carlos Bacca","Colombia","ST",9,"Milan","ST",70,"07/10/2015",2020,20,181,77,1,"09/08/1986",30,"ST",8,2,2,81,82,12,14,16,68,82,85,34,66,60,72,50,84,84,72,76,72,80,76,74,81,88,70,67,58,75,82,5,12,8,12,8
"Harry Kane","England","ST",9,"Spurs","ST",10,"07/01/2010",2020,21,188,65,1,"07/28/1993",23,"ST",1,3,3,81,77,41,38,36,74,84,84,35,72,69,75,63,69,77,84,82,62,74,67,81,82,85,78,71,71,82,70,14,8,11,10,11
"Roberto Firmino","Brazil","Sub",20,"Liverpool","CAM",11,"07/06/2015",2020,22,181,76,1,"10/02/1991",24,"CF/CAM/ST",3,4,4,83,87,24,31,52,64,80,81,33,83,70,82,74,78,75,79,71,78,82,81,71,79,82,79,78,67,72,78,6,8,9,11,10
"Romelu Lukaku","Belgium","ST",11,"Everton","ST",10,"07/30/2014",2019,23,190,94,0,"05/13/1993",23,"ST",9,4,3,76,76,27,30,30,72,73,84,27,69,68,67,58,80,85,80,92,48,64,71,80,86,84,76,64,66,80,71,7,8,14,15,10
"Mario Mandžukic","Croatia",,,"Juventus","RS",17,"07/01/2015",2019,24,190,85,1,"05/21/1986",30,"ST",1,3,3,77,73,28,44,38,88,86,89,44,62,62,71,41,73,77,81,87,55,69,87,90,78,85,57,53,45,76,85,8,10,5,8,15
"Olivier Giroud","France","ST",9,"Arsenal","ST",12,"06/26/2012",2018,25,192,88,0,"09/30/1986",29,"ST",9,3,2,82,69,26,20,37,76,83,84,41,75,63,76,56,63,64,79,88,52,65,82,86,84,84,76,70,65,81,81,6,12,11,15,5
"Javier Hernández","Mexico","ST",14,"Bayer 04","ST",7,"08/31/2015",2018,26,175,73,1,"06/01/1988",28,"ST",8,3,3,79,75,22,25,29,59,81,88,26,72,62,69,55,87,85,75,58,84,79,85,82,75,89,69,67,52,80,79,12,14,9,12,11
"Falcao","Colombia",,,"Chelsea","Sub",9,"07/01/2013",2018,27,177,72,1,"02/10/1986",30,"ST",3,4,3,81,74,16,19,42,70,85,85,41,68,55,67,53,75,68,68,73,75,85,92,91,79,83,76,83,71,84,85,9,10,6,13,5
"Hatem Ben Arfa","France",,,"OGC Nice","CAM",9,"07/10/2015",2020,28,178,74,0,"03/07/1987",29,"CAM/ST/RM/RW",2,4,5,86,88,33,23,43,67,75,74,40,81,78,79,78,84,80,75,75,79,85,77,65,83,82,82,80,75,87,75,13,12,9,8,12
"Aduriz","Spain","ST",7,"Athletic Bilbao","ST",20,"07/01/2012",2017,29,182,78,1,"02/11/1981",35,"ST",3,3,3,78,73,47,50,45,83,85,87,24,74,55,69,47,72,74,72,82,58,54,93,95,81,86,77,62,55,76,82,15,14,9,10,9
"Louri Beretta","Brazil",,,"Palmeiras","ST",9,"01/01/2015",2018,30,188,83,1,"02/29/1988",28,"ST/CF",2,3,3,71,73,28,24,27,67,83,83,32,60,56,63,47,84,81,56,87,55,55,84,85,89,84,81,61,69,82,78,12,9,11,14,12
"Paulo Dybala","Argentina",,,"Juventus","LS",21,"07/01/2015",2020,31,176,73,0,"11/15/1993",22,"ST/CF",9,2,4,90,89,15,21,21,48,82,85,31,79,72,78,58,90,85,79,55,85,91,69,60,77,87,83,81,82,76,80,10,9,9,11,11
"Raheem Sterling","England","RW",18,"Manchester City","Sub",7,"07/14/2015",2020,32,170,69,1,"12/08/1994",21,"LM/ST",3,2,4,84,86,48,54,58,34,79,81,26,76,71,77,67,94,92,75,64,91,90,60,38,68,73,70,64,49,63,59,15,15,12,12,9
"Max Kruse","Germany",,,"VfL Wolfsburg","ST",11,"07/01/2015",2019,33,180,76,0,"03/19/1988",28,"CF/ST/CAM",3,4,3,83,82,35,34,38,65,83,84,39,80,81,83,69,75,73,83,72,76,77,69,54,79,80,78,76,69,84,79,13,12,5,7,9
"Carlos Vela","Mexico",,,"Real Sociedad","ST",11,"07/01/2012",2018,34,177,75,0,"03/01/1989",27,"RW/ST/CAM/LW",2,2,4,81,82,12,14,22,57,77,78,37,78,74,77,63,87,85,70,68,82,87,69,64,73,78,76,80,71,72,84,13,8,8,14,10
"Theo Walcott","England",,,"Arsenal","Sub",14,"01/20/2006",2019,35,176,68,1,"03/16/1989",27,"LM/ST/RW/RM",9,3,3,78,80,33,36,39,65,79,79,35,74,78,77,65,95,96,75,62,79,82,66,55,75,82,69,77,74,74,72,9,11,9,8,8
"André-Pierre Gignac","France","06/18/2015",2019,"France","Sub",10,"ST",10,36,187,84,1,"12/05/1985",30,"ST",9,3,3,77,75,22,23,41,80,79,83,41,72,72,72,62,71,70,67,86,51,66,70,81,84,84,81,76,69,78,82,11,10,14,15,11
"Mario Gómez","Germany","Sub",15,"Germany","ST",33,"07/16/2013",2017,37,189,88,1,"07/10/1985",31,"ST",3,4,2,75,74,20,20,24,72,80,87,20,62,62,69,50,68,75,69,86,55,64,76,83,82,86,78,68,36,74,78,7,8,9,8,14
"Klaas-Jan Huntelaar","Netherlands",,,"FC Schalke 04","ST",25,"08/31/2010",2017,38,186,83,1,"08/12/1983",33,"ST",9,4,3,75,69,20,23,33,65,85,86,27,61,63,73,44,65,67,68,77,62,65,77,85,86,86,78,73,64,56,87,9,7,6,12,11
"Negredo","Spain",,,"Valencia CF","Sub",7,"07/01/2015",2019,39,186,86,0,"08/20/1985",31,"ST",9,3,3,81,73,36,32,34,80,79,82,32,68,53,76,66,67,68,72,88,55,68,76,82,84,82,77,68,69,80,82,7,11,11,6,13
"Raffael","Brazil",,,,"LS",11,"07/01/2013",2017,40,174,69,1,"03/28/1985",31,"CF/ST",3,4,4,83,86,29,31,42,66,83,82,53,81,73,83,77,77,72,76,63,83,84,71,63,77,80,78,80,73,72,75,13,12,5,10,14
"David Villa","Spain",,,"NYCFC","ST",7,"07/01/2014",2017,41,175,69,1,"12/03/1981",34,"ST",2,5,4,85,82,22,38,28,67,82,86,29,71,71,74,67,75,72,73,66,75,76,67,66,80,86,76,83,80,88,78,11,8,9,9,9
"Robin van Persie","Netherlands",,,,"ST",11,"07/14/2015",2018,42,187,71,0,"08/06/1983",33,"ST",8,3,4,84,82,23,21,32,55,77,84,34,80,77,74,70,66,64,62,70,59,72,57,75,85,82,82,86,81,84,88,7,9,5,10,8
"Arthur Silbeira","Brazil",,,"Cruzeiro","ST",9,"01/01/2014",2018,43,178,78,1,"02/29/1988",28,"ST",9,3,4,80,89,22,30,33,52,77,70,23,60,58,75,56,77,79,61,69,72,57,72,89,85,85,77,59,53,75,78,12,11,15,14,13
"Islam Slimani","Algeria",,,"Sporting CP","LS",9,"08/08/2013",2020,44,188,84,1,"06/18/1988",28,"ST",1,3,2,74,73,34,24,48,88,81,86,54,72,58,74,59,69,76,91,86,57,66,87,92,78,78,71,65,47,72,79,15,10,6,9,11
"Quincy Promes","Netherlands","Sub",14,"Spartak Moscow","RM",10,"08/08/2014",2018,45,174,70,1,"01/04/1992",24,"RM/ST",2,4,4,82,83,25,27,24,60,81,79,24,76,73,74,69,86,89,80,61,78,87,82,60,82,82,83,75,76,72,68,7,10,6,13,13
"Jesé","Spain",,,"Real Madrid","Sub",20,"11/25/2013",2017,46,178,73,1,"02/26/1993",23,"LW/RW/ST",8,4,4,86,85,16,12,23,29,71,76,33,70,72,77,64,90,85,69,63,77,87,74,42,76,78,74,74,66,68,55,13,13,6,7,15
"Mauro Icardi","Argentina",,,"Inter","ST",9,"07/09/2013",2019,47,181,75,1,"02/19/1993",23,"ST",8,4,2,78,74,17,21,21,35,82,88,22,63,49,69,53,77,79,64,75,76,77,90,79,78,88,69,55,45,74,80,7,13,5,9,9
"Morata","Spain","LW",9,"Juventus","Sub",9,"07/20/2014",2020,48,189,85,1,"10/23/1992",23,"ST/LW",3,4,3,85,84,15,15,19,56,78,85,21,70,67,71,51,83,87,75,78,65,75,75,70,79,82,77,75,43,74,76,6,9,12,4,12
"Kevin Volland","Germany",,,"1899 Hoffenheim","LW",31,"01/13/2011",2019,49,179,82,0,"07/30/1992",24,"ST/RM",1,3,3,81,80,17,33,50,75,81,80,44,80,78,81,67,82,81,90,81,81,73,77,69,84,81,80,79,76,72,68,7,8,9,7,12
"Paco Alcácer","Spain",,,"Valencia CF","ST",9,"08/05/2010",2020,50,176,71,1,"08/30/1993",23,"ST",3,4,3,81,72,26,26,21,59,86,87,26,63,53,72,51,76,76,74,69,80,78,75,78,83,84,68,66,59,71,85,8,12,14,14,5
